{
  "model": "Qwen/Qwen2.5-7B",
  "attention_type": "dense",
  "seq_len": 4096,
  "num_tokens": 64,
  "top_k": 4,
  "block_size": 16,
  "index_dim": 32,
  "num_params": 7615616512,
  "memory_gb": 14.227197170257568,
  "memory_peak_gb": 14.227197170257568,
  "avg_speed_tokens_per_sec": 1390.1202091464456,
  "avg_time_sec": 0.046039183934529625,
  "times": [
    0.04521059989929199,
    0.04630470275878906,
    0.04660224914550781
  ],
  "load_time_sec": 8.703353643417358
}