{
  "model": "01-ai/Yi-34B-200K",
  "attention_type": "dense",
  "seq_len": 32768,
  "num_tokens": 32,
  "top_k": 4,
  "block_size": 16,
  "index_dim": 32,
  "num_params": 34388917248,
  "memory_gb": 64.05435085296631,
  "memory_peak_gb": 64.05435085296631,
  "avg_speed_tokens_per_sec": 8.893702683208772,
  "avg_time_sec": 3.5980514685312905,
  "times": [
    3.594163656234741,
    3.5962369441986084,
    3.6037538051605225
  ],
  "load_time_sec": 12.597613334655762
}