{
  "model": "Qwen/Qwen2.5-7B",
  "attention_type": "sparse",
  "seq_len": 4096,
  "num_tokens": 32,
  "top_k": 4,
  "block_size": 16,
  "index_dim": 32,
  "num_params": 7615616512,
  "memory_gb": 0,
  "memory_peak_gb": 0,
  "avg_speed_tokens_per_sec": 1.7739550312277719,
  "avg_time_sec": 18.038788715998333,
  "times": [
    18.212604761123657,
    17.953973054885864,
    17.949788331985474
  ],
  "load_time_sec": 14.85579538345337
}