{
  "model": "Qwen/Qwen2.5-14B",
  "attention_type": "dense",
  "seq_len": 131072,
  "num_tokens": 32,
  "top_k": 4,
  "block_size": 16,
  "index_dim": 32,
  "num_params": 14770033664,
  "memory_gb": 27.511332511901855,
  "memory_peak_gb": 27.511332511901855,
  "avg_speed_tokens_per_sec": 5.235975262153319,
  "avg_time_sec": 6.11156439781189,
  "times": [
    6.121338844299316,
    6.105700254440308,
    6.107654094696045
  ],
  "load_time_sec": 2.3615856170654297
}