{
  "model": "Qwen/Qwen2.5-14B",
  "attention_type": "dense",
  "seq_len": 65536,
  "num_tokens": 32,
  "top_k": 4,
  "block_size": 16,
  "index_dim": 32,
  "num_params": 14770033664,
  "memory_gb": 27.511332511901855,
  "memory_peak_gb": 27.511332511901855,
  "avg_speed_tokens_per_sec": 8.953229822377908,
  "avg_time_sec": 3.5741291840871177,
  "times": [
    3.713089942932129,
    3.49204683303833,
    3.5172507762908936
  ],
  "load_time_sec": 2.323214054107666
}