{
  "model": "Qwen/Qwen2.5-14B",
  "attention_type": "dense",
  "seq_len": 32768,
  "num_tokens": 32,
  "top_k": 4,
  "block_size": 16,
  "index_dim": 32,
  "num_params": 14770033664,
  "memory_gb": 27.511332511901855,
  "memory_peak_gb": 27.511332511901855,
  "avg_speed_tokens_per_sec": 33.79861005836667,
  "avg_time_sec": 0.946784496307373,
  "times": [
    0.9482073783874512,
    0.9462502002716064,
    0.9458959102630615
  ],
  "load_time_sec": 2.69663667678833
}