{
  "model": "Qwen/Qwen2.5-14B",
  "attention_type": "sparse",
  "seq_len": 32768,
  "num_tokens": 32,
  "top_k": 8,
  "block_size": 16,
  "index_dim": 32,
  "num_params": 14770033664,
  "memory_gb": 33.839457511901855,
  "memory_peak_gb": 33.839457511901855,
  "avg_speed_tokens_per_sec": 37.51078516211211,
  "avg_time_sec": 0.8530879815419515,
  "times": [
    0.851764440536499,
    0.8528940677642822,
    0.8546054363250732
  ],
  "load_time_sec": 2.8503849506378174
}