{
  "model": "Qwen/Qwen2.5-14B",
  "attention_type": "sparse",
  "seq_len": 131072,
  "num_tokens": 32,
  "top_k": 8,
  "block_size": 16,
  "index_dim": 32,
  "num_params": 14770033664,
  "memory_gb": 33.839457511901855,
  "memory_peak_gb": 33.839457511901855,
  "avg_speed_tokens_per_sec": 9.007752489455543,
  "avg_time_sec": 3.5524954795837402,
  "times": [
    3.5539233684539795,
    3.552553653717041,
    3.5510094165802
  ],
  "load_time_sec": 2.39717435836792
}