{
  "model": "Qwen/Qwen2.5-14B",
  "attention_type": "sparse",
  "seq_len": 65536,
  "num_tokens": 32,
  "top_k": 8,
  "block_size": 16,
  "index_dim": 32,
  "num_params": 14770033664,
  "memory_gb": 33.839457511901855,
  "memory_peak_gb": 33.839457511901855,
  "avg_speed_tokens_per_sec": 18.245966920978343,
  "avg_time_sec": 1.7538122336069744,
  "times": [
    1.7548296451568604,
    1.7519950866699219,
    1.7546119689941406
  ],
  "load_time_sec": 2.3298392295837402
}