{
  "model": "Qwen/Qwen2.5-14B",
  "attention_type": "sparse",
  "seq_len": 32768,
  "num_tokens": 32,
  "top_k": 4,
  "block_size": 16,
  "index_dim": 32,
  "num_params": 14770033664,
  "memory_gb": 33.839457511901855,
  "memory_peak_gb": 33.839457511901855,
  "avg_speed_tokens_per_sec": 25.625556085762106,
  "avg_time_sec": 1.2487533887227376,
  "times": [
    1.2510771751403809,
    1.2459173202514648,
    1.2492656707763672
  ],
  "load_time_sec": 2.5304641723632812
}