{
  "model": "Qwen/Qwen2.5-14B",
  "attention_type": "sparse",
  "seq_len": 16384,
  "num_tokens": 32,
  "top_k": 8,
  "block_size": 16,
  "index_dim": 32,
  "num_params": 14770033664,
  "memory_gb": 33.839457511901855,
  "memory_peak_gb": 33.839457511901855,
  "avg_speed_tokens_per_sec": 74.00035690440016,
  "avg_time_sec": 0.43243034680684406,
  "times": [
    0.4317772388458252,
    0.431734561920166,
    0.433779239654541
  ],
  "load_time_sec": 2.995182514190674
}