{
  "model": "Qwen/Qwen2.5-7B",
  "attention_type": "dense",
  "seq_len": 16384,
  "num_tokens": 32,
  "top_k": 4,
  "block_size": 16,
  "index_dim": 32,
  "num_params": 7615616512,
  "memory_gb": 0,
  "memory_peak_gb": 0,
  "avg_speed_tokens_per_sec": 1.6743177538643377,
  "avg_time_sec": 19.11226224899292,
  "times": [
    19.28481650352478,
    19.146223068237305,
    18.905747175216675
  ],
  "load_time_sec": 9.858011245727539
}