{
  "model": "Qwen/Qwen2.5-7B",
  "attention_type": "dense",
  "seq_len": 4096,
  "num_tokens": 32,
  "top_k": 4,
  "block_size": 16,
  "index_dim": 32,
  "num_params": 7615616512,
  "memory_gb": 0,
  "memory_peak_gb": 0,
  "avg_speed_tokens_per_sec": 5.0164082407330675,
  "avg_time_sec": 6.379066149393718,
  "times": [
    6.296774625778198,
    6.405977964401245,
    6.434445858001709
  ],
  "load_time_sec": 10.044448614120483
}