{
  "model": "Qwen/Qwen2.5-7B",
  "attention_type": "sparse",
  "seq_len": 16384,
  "num_tokens": 32,
  "top_k": 8,
  "block_size": 16,
  "index_dim": 32,
  "num_params": 7615616512,
  "memory_gb": 0,
  "memory_peak_gb": 0,
  "avg_speed_tokens_per_sec": 0.7540100028443733,
  "avg_time_sec": 42.439755280812584,
  "times": [
    41.99389982223511,
    42.63003969192505,
    42.69532632827759
  ],
  "load_time_sec": 9.379995584487915
}