{
  "model": "Qwen/Qwen2.5-7B",
  "attention_type": "dense",
  "seq_len": 4096,
  "num_tokens": 64,
  "window_size": 128,
  "global_size": 64,
  "chunk_size": 64,
  "num_params": 8437700096,
  "memory_gb": 0,
  "memory_peak_gb": 0,
  "avg_speed_tokens_per_sec": 0.38203673546442196,
  "avg_time_sec": 167.52315696080527,
  "times": [
    167.24282336235046,
    167.4230773448944,
    167.9035701751709
  ],
  "load_time_sec": 5.217839956283569
}