{
  "model": "Qwen/Qwen2.5-7B",
  "attention_type": "sparse",
  "seq_len": 4096,
  "num_tokens": 64,
  "top_k": 16,
  "block_size": 16,
  "index_dim": 32,
  "num_params": 7615616512,
  "memory_gb": 0,
  "memory_peak_gb": 0,
  "avg_speed_tokens_per_sec": 2.5625820450151826,
  "avg_time_sec": 24.974810123443604,
  "times": [
    25.179750680923462,
    25.057708978652954,
    24.686970710754395
  ],
  "load_time_sec": 17.77498960494995
}