{
  "model": "01-ai/Yi-34B-200K",
  "attention_type": "dense",
  "seq_len": 200000,
  "num_tokens": 32,
  "top_k": 4,
  "block_size": 16,
  "index_dim": 32,
  "num_params": 34388917248,
  "memory_gb": 64.05435085296631,
  "memory_peak_gb": 64.05435085296631,
  "avg_speed_tokens_per_sec": 1.2691390870251547,
  "avg_time_sec": 25.213942527770996,
  "times": [
    25.221636295318604,
    25.233472108840942,
    25.186719179153442
  ],
  "load_time_sec": 8.54775619506836
}