{
  "model": "01-ai/Yi-34B-200K",
  "attention_type": "dense",
  "seq_len": 32768,
  "num_tokens": 32,
  "top_k": 4,
  "block_size": 16,
  "index_dim": 32,
  "num_params": 34388917248,
  "memory_gb": 64.05435085296631,
  "memory_peak_gb": 64.05435085296631,
  "avg_speed_tokens_per_sec": 8.856168687861596,
  "avg_time_sec": 3.613300641377767,
  "times": [
    3.6164731979370117,
    3.6238865852355957,
    3.5995421409606934
  ],
  "load_time_sec": 105.99603581428528
}