{
  "model": "01-ai/Yi-34B-200K",
  "attention_type": "sparse",
  "seq_len": 65536,
  "num_tokens": 32,
  "top_k": 4,
  "block_size": 16,
  "index_dim": 32,
  "num_params": 34388917248,
  "memory_gb": 64.05435085296631,
  "memory_peak_gb": 64.05435085296631,
  "avg_speed_tokens_per_sec": 4.910578110173257,
  "avg_time_sec": 6.516544342041016,
  "times": [
    6.508507490158081,
    6.526958227157593,
    6.514167308807373
  ],
  "load_time_sec": 7.016792058944702
}