{
  "model": "01-ai/Yi-34B-200K",
  "attention_type": "sparse",
  "seq_len": 131072,
  "num_tokens": 32,
  "top_k": 4,
  "block_size": 16,
  "index_dim": 32,
  "num_params": 34388917248,
  "memory_gb": 64.05435085296631,
  "memory_peak_gb": 64.05435085296631,
  "avg_speed_tokens_per_sec": 2.5818830140455566,
  "avg_time_sec": 12.394054969151815,
  "times": [
    12.40542984008789,
    12.387757778167725,
    12.388977289199829
  ],
  "load_time_sec": 8.134231090545654
}