{
  "model": "Qwen/Qwen2.5-14B",
  "attention_type": "dense",
  "seq_len": 4096,
  "num_tokens": 32,
  "top_k": 4,
  "block_size": 16,
  "index_dim": 32,
  "num_params": 14770033664,
  "memory_gb": 0,
  "memory_peak_gb": 0,
  "avg_speed_tokens_per_sec": 2.522364905781724,
  "avg_time_sec": 12.686506986618042,
  "times": [
    12.918171644210815,
    12.668128967285156,
    12.473220348358154
  ],
  "load_time_sec": 36.819438219070435
}