{
  "model": "Qwen/Qwen2.5-14B",
  "attention_type": "dense",
  "seq_len": 16384,
  "num_tokens": 32,
  "top_k": 4,
  "block_size": 16,
  "index_dim": 32,
  "num_params": 14770033664,
  "memory_gb": 27.511332511901855,
  "memory_peak_gb": 27.511332511901855,
  "avg_speed_tokens_per_sec": 76.87690799377964,
  "avg_time_sec": 0.4162498315175374,
  "times": [
    0.4162578582763672,
    0.41654109954833984,
    0.4159505367279053
  ],
  "load_time_sec": 5.648202419281006
}