{
  "model": "Qwen/Qwen2.5-14B",
  "attention_type": "sparse",
  "seq_len": 65536,
  "num_tokens": 32,
  "top_k": 4,
  "block_size": 16,
  "index_dim": 32,
  "num_params": 14770033664,
  "memory_gb": 33.839457511901855,
  "memory_peak_gb": 33.839457511901855,
  "avg_speed_tokens_per_sec": 19.15497491415057,
  "avg_time_sec": 1.6705842812856038,
  "times": [
    1.671792984008789,
    1.6699597835540771,
    1.6700000762939453
  ],
  "load_time_sec": 2.4509124755859375
}