{
  "model": "Qwen/Qwen2.5-14B",
  "attention_type": "sparse",
  "seq_len": 131072,
  "num_tokens": 32,
  "top_k": 4,
  "block_size": 16,
  "index_dim": 32,
  "num_params": 14770033664,
  "memory_gb": 33.839457511901855,
  "memory_peak_gb": 33.839457511901855,
  "avg_speed_tokens_per_sec": 9.426032414526588,
  "avg_time_sec": 3.3948535919189453,
  "times": [
    3.395059108734131,
    3.3959758281707764,
    3.3935258388519287
  ],
  "load_time_sec": 2.391090154647827
}