{
  "model": "01-ai/Yi-34B-200K",
  "attention_type": "sparse",
  "seq_len": 131072,
  "num_tokens": 32,
  "top_k": 2,
  "block_size": 8,
  "index_dim": 32,
  "num_params": 34388917248,
  "memory_gb": 78.81997585296631,
  "memory_peak_gb": 78.81997585296631,
  "avg_speed_tokens_per_sec": 1.0461720057071355,
  "avg_time_sec": 30.587704340616863,
  "times": [
    30.35893702507019,
    30.40747594833374,
    30.996700048446655
  ],
  "load_time_sec": 7.692309379577637
}