{
  "model": "01-ai/Yi-34B-200K",
  "attention_type": "sparse",
  "seq_len": 65536,
  "num_tokens": 32,
  "top_k": 4,
  "block_size": 8,
  "index_dim": 32,
  "num_params": 34388917248,
  "memory_gb": 78.81997585296631,
  "memory_peak_gb": 78.81997585296631,
  "avg_speed_tokens_per_sec": 4.873827381111537,
  "avg_time_sec": 6.56568185488383,
  "times": [
    6.569574356079102,
    6.571955919265747,
    6.555515289306641
  ],
  "load_time_sec": 7.981008052825928
}