{
  "model": "Qwen/Qwen2.5-14B",
  "attention_type": "dense",
  "seq_len": 262144,
  "input_tokens": 87381,
  "num_tokens": 32,
  "memory_peak_gb": 53.67074155807495,
  "avg_speed_tokens_per_sec": 1.7253446862415547,
  "times": [
    18.51842761039734,
    18.57434320449829,
    18.548285007476807
  ]
}