{
  "model": "Qwen/Qwen2.5-14B",
  "attention_type": "sparse",
  "seq_len": 131072,
  "input_tokens": 43690,
  "num_tokens": 32,
  "top_k": 4,
  "block_size": 16,
  "memory_peak_gb": 41.34831237792969,
  "avg_speed_tokens_per_sec": 9.214429767583551,
  "times": [
    3.468780040740967,
    3.4741809368133545,
    3.475480794906616
  ]
}