{
  "model": "Qwen/Qwen2.5-14B",
  "attention_type": "sparse",
  "seq_len": 131072,
  "input_tokens": 43690,
  "num_tokens": 32,
  "top_k": 16,
  "block_size": 16,
  "memory_peak_gb": 58.95269250869751,
  "avg_speed_tokens_per_sec": 8.072194943459898,
  "times": [
    3.965306282043457,
    3.970191478729248,
    3.9571783542633057
  ]
}