{
  "model": "Qwen/Qwen2.5-14B",
  "attention_type": "sparse",
  "seq_len": 131072,
  "input_tokens": 43690,
  "num_tokens": 32,
  "top_k": 4,
  "block_size": 32,
  "memory_peak_gb": 66.29872274398804,
  "avg_speed_tokens_per_sec": 9.45255355669088,
  "times": [
    3.383831739425659,
    3.3863308429718018,
    3.3858232498168945
  ]
}