{
  "model": "Qwen/Qwen2.5-14B",
  "attention_type": "sparse",
  "seq_len": 131072,
  "input_tokens": 43690,
  "num_tokens": 32,
  "top_k": 8,
  "block_size": 16,
  "memory_peak_gb": 55.18561601638794,
  "avg_speed_tokens_per_sec": 8.728034724406111,
  "times": [
    3.6681456565856934,
    3.6653642654418945,
    3.665529727935791
  ]
}