{
  "model": "Qwen/Qwen2.5-7B",
  "attention_type": "sparse",
  "seq_len": 4096,
  "num_tokens": 64,
  "top_k": 4,
  "block_size": 16,
  "index_dim": 32,
  "num_params": 7615616512,
  "memory_gb": 0,
  "memory_peak_gb": 0,
  "avg_speed_tokens_per_sec": 2.308209249962063,
  "avg_time_sec": 27.727122227350872,
  "times": [
    27.833341598510742,
    27.69546866416931,
    27.65255641937256
  ],
  "load_time_sec": 22.388267517089844
}