{
  "model": "Qwen/Qwen2.5-14B",
  "attention_type": "dense",
  "seq_len": 2048,
  "num_tokens": 32,
  "top_k": 4,
  "block_size": 16,
  "index_dim": 32,
  "num_params": 14770033664,
  "memory_gb": 0,
  "memory_peak_gb": 0,
  "avg_speed_tokens_per_sec": 3.4989964698520106,
  "avg_time_sec": 9.145479361216227,
  "times": [
    9.076944589614868,
    9.183951377868652,
    9.175542116165161
  ],
  "load_time_sec": 38.653308629989624
}