{
  "model": "Qwen/Qwen2.5-14B",
  "attention_type": "sparse",
  "seq_len": 4096,
  "num_tokens": 32,
  "top_k": 8,
  "block_size": 16,
  "index_dim": 32,
  "num_params": 14770033664,
  "memory_gb": 0,
  "memory_peak_gb": 0,
  "avg_speed_tokens_per_sec": 1.8156645014382982,
  "avg_time_sec": 17.624401410420734,
  "times": [
    16.219266414642334,
    18.35745668411255,
    18.296481132507324
  ],
  "load_time_sec": 41.24185609817505
}