{
  "model": "Qwen/Qwen2.5-14B",
  "attention_type": "sparse",
  "seq_len": 8192,
  "num_tokens": 32,
  "top_k": 4,
  "block_size": 16,
  "index_dim": 32,
  "num_params": 14770033664,
  "memory_gb": 33.839457511901855,
  "memory_peak_gb": 33.839457511901855,
  "avg_speed_tokens_per_sec": 116.09803654154283,
  "avg_time_sec": 0.27562912305196124,
  "times": [
    0.27077198028564453,
    0.27771759033203125,
    0.278397798538208
  ],
  "load_time_sec": 2.9282026290893555
}