{
  "model": "Qwen/Qwen2.5-14B",
  "attention_type": "sparse",
  "seq_len": 4096,
  "num_tokens": 32,
  "top_k": 4,
  "block_size": 16,
  "index_dim": 32,
  "num_params": 14770033664,
  "memory_gb": 33.839457511901855,
  "memory_peak_gb": 33.839457511901855,
  "avg_speed_tokens_per_sec": 179.50065821588498,
  "avg_time_sec": 0.17827232678731283,
  "times": [
    0.1785438060760498,
    0.17367815971374512,
    0.18259501457214355
  ],
  "load_time_sec": 2.9574990272521973
}