{
  "model": "Qwen/Qwen2.5-14B",
  "attention_type": "sparse",
  "seq_len": 2048,
  "num_tokens": 32,
  "top_k": 8,
  "block_size": 16,
  "index_dim": 32,
  "num_params": 14770033664,
  "memory_gb": 33.839457511901855,
  "memory_peak_gb": 33.839457511901855,
  "avg_speed_tokens_per_sec": 209.6932477381274,
  "avg_time_sec": 0.1526038646697998,
  "times": [
    0.154526948928833,
    0.15201234817504883,
    0.15127229690551758
  ],
  "load_time_sec": 3.263293981552124
}