{
  "model": "Qwen/Qwen2.5-14B",
  "attention_type": "sparse",
  "seq_len": 524288,
  "top_k": 4,
  "block_size": 32,
  "index_dim": 16,
  "input_tokens": 174764,
  "num_tokens": 32,
  "memory_peak_gb": 70.66305017471313,
  "avg_speed_tokens_per_sec": 2.30256757958103,
  "times": [
    13.890356302261353,
    13.898098468780518,
    13.904132604598999
  ]
}