{
  "model": "01-ai/Yi-34B-200K",
  "attention_type": "dense",
  "seq_len": 131072,
  "num_tokens": 32,
  "top_k": 4,
  "block_size": 16,
  "index_dim": 32,
  "num_params": 34388917248,
  "memory_gb": 64.05435085296631,
  "memory_peak_gb": 64.05435085296631,
  "avg_speed_tokens_per_sec": 2.579316437672709,
  "avg_time_sec": 12.40638780593872,
  "times": [
    12.390279054641724,
    12.395051002502441,
    12.433833360671997
  ],
  "load_time_sec": 7.95721435546875
}