{
  "model": "01-ai/Yi-34B-200K",
  "attention_type": "sparse",
  "seq_len": 32768,
  "num_tokens": 32,
  "top_k": 4,
  "block_size": 16,
  "index_dim": 32,
  "num_params": 34388917248,
  "memory_gb": 64.05435085296631,
  "memory_peak_gb": 64.05435085296631,
  "avg_speed_tokens_per_sec": 8.694961753807748,
  "avg_time_sec": 3.6802922089894614,
  "times": [
    3.671329975128174,
    3.67523455619812,
    3.69431209564209
  ],
  "load_time_sec": 8.631459712982178
}