{
  "model": "Qwen/Qwen2.5-14B",
  "attention_type": "sparse",
  "seq_len": 131072,
  "top_k": 4,
  "block_size": 32,
  "index_dim": 8,
  "input_tokens": 43690,
  "num_tokens": 32,
  "memory_peak_gb": 65.32606840133667,
  "avg_speed_tokens_per_sec": 9.61044974735207,
  "times": [
    3.326103925704956,
    3.3326401710510254,
    3.3303825855255127
  ]
}