{
  "model": "Qwen/Qwen2.5-14B",
  "attention_type": "dense",
  "seq_len": 16384,
  "num_tokens": 32,
  "top_k": 4,
  "block_size": 16,
  "index_dim": 32,
  "num_params": 14770033664,
  "memory_gb": 27.511332511901855,
  "memory_peak_gb": 27.511332511901855,
  "avg_speed_tokens_per_sec": 71.06770219541248,
  "avg_time_sec": 0.45027486483256024,
  "times": [
    0.5038540363311768,
    0.41994738578796387,
    0.42702317237854004
  ],
  "load_time_sec": 5.508337736129761
}