{
  "model": "Qwen/Qwen2.5-14B",
  "attention_type": "dense",
  "seq_len": 32768,
  "num_tokens": 32,
  "top_k": 4,
  "block_size": 16,
  "index_dim": 32,
  "num_params": 14770033664,
  "memory_gb": 27.511332511901855,
  "memory_peak_gb": 27.511332511901855,
  "avg_speed_tokens_per_sec": 33.32335673660282,
  "avg_time_sec": 0.9602874120076498,
  "times": [
    0.9601967334747314,
    0.960045337677002,
    0.9606201648712158
  ],
  "load_time_sec": 2.6312294006347656
}