{
  "model": "Qwen/Qwen2.5-14B",
  "attention_type": "sparse",
  "seq_len": 16384,
  "num_tokens": 32,
  "top_k": 4,
  "block_size": 16,
  "index_dim": 32,
  "num_params": 14770033664,
  "memory_gb": 33.839457511901855,
  "memory_peak_gb": 33.839457511901855,
  "avg_speed_tokens_per_sec": 77.29083679410165,
  "avg_time_sec": 0.4140206178029378,
  "times": [
    0.41515660285949707,
    0.41287899017333984,
    0.41402626037597656
  ],
  "load_time_sec": 3.2463326454162598
}