{
  "model": "Qwen/Qwen2.5-32B",
  "attention_type": "sparse",
  "seq_len": 16384,
  "num_tokens": 32,
  "top_k": 4,
  "block_size": 16,
  "index_dim": 32,
  "num_params": 32763876352,
  "memory_gb": 69.46497631072998,
  "memory_peak_gb": 69.46497631072998,
  "avg_speed_tokens_per_sec": 38.51133504969563,
  "avg_time_sec": 0.8309241930643717,
  "times": [
    0.8307533264160156,
    0.8309721946716309,
    0.8310470581054688
  ],
  "load_time_sec": 3.287443161010742
}