{
  "model": "Qwen/Qwen2.5-32B",
  "attention_type": "dense",
  "seq_len": 8192,
  "num_tokens": 32,
  "top_k": 4,
  "block_size": 16,
  "index_dim": 32,
  "num_params": 32763876352,
  "memory_gb": 61.02747631072998,
  "memory_peak_gb": 61.02747631072998,
  "avg_speed_tokens_per_sec": 14.459390728143878,
  "avg_time_sec": 2.213094631830851,
  "times": [
    2.3011016845703125,
    2.1737921237945557,
    2.1643900871276855
  ],
  "load_time_sec": 131.45875763893127
}