{
  "model": "Qwen/Qwen2.5-32B",
  "attention_type": "dense",
  "seq_len": 16384,
  "num_tokens": 32,
  "top_k": 4,
  "block_size": 16,
  "index_dim": 32,
  "num_params": 32763876352,
  "memory_gb": 61.02747631072998,
  "memory_peak_gb": 61.02747631072998,
  "avg_speed_tokens_per_sec": 37.503259586354375,
  "avg_time_sec": 0.8532591660817465,
  "times": [
    0.8515918254852295,
    0.8533680438995361,
    0.8548176288604736
  ],
  "load_time_sec": 3.3007278442382812
}