{
  "model": "Qwen/Qwen2.5-14B",
  "attention_type": "sparse",
  "seq_len": 200000,
  "top_k": 4,
  "block_size": 32,
  "input_tokens": 66666,
  "num_tokens": 32,
  "memory_peak_gb": 47.09101915359497,
  "avg_speed_tokens_per_sec": 6.168404522194476,
  "times": [
    5.184853553771973,
    5.187179088592529,
    5.191148996353149
  ]
}