{
  "model": "Qwen/Qwen2.5-7B",
  "attention_type": "dense",
  "seq_len": 8192,
  "num_tokens": 32,
  "top_k": 4,
  "block_size": 16,
  "index_dim": 32,
  "num_params": 7615616512,
  "memory_gb": 0,
  "memory_peak_gb": 0,
  "avg_speed_tokens_per_sec": 1.472554738877552,
  "avg_time_sec": 21.73094089825948,
  "times": [
    21.70470881462097,
    21.925243139266968,
    21.562870740890503
  ],
  "load_time_sec": 9.018592119216919
}