{
  "model": "Qwen/Qwen2.5-7B",
  "attention_type": "sparse",
  "seq_len": 8192,
  "num_tokens": 32,
  "top_k": 4,
  "block_size": 16,
  "index_dim": 32,
  "num_params": 7615616512,
  "memory_gb": 0,
  "memory_peak_gb": 0,
  "avg_speed_tokens_per_sec": 1.5448402775352958,
  "avg_time_sec": 20.714115540186565,
  "times": [
    20.871822834014893,
    20.656658172607422,
    20.613865613937378
  ],
  "load_time_sec": 8.836419582366943
}