{
  "model": "Qwen/Qwen2.5-7B",
  "attention_type": "sparse",
  "seq_len": 4096,
  "num_tokens": 32,
  "top_k": 4,
  "block_size": 16,
  "index_dim": 32,
  "num_params": 7615616512,
  "memory_gb": 15.913951873779297,
  "memory_peak_gb": 15.913951873779297,
  "avg_speed_tokens_per_sec": 23.897677323191676,
  "avg_time_sec": 1.3390422662099202,
  "times": [
    1.283010721206665,
    1.46462082862854,
    1.2694952487945557
  ],
  "load_time_sec": 2.2629988193511963
}