{
  "model": "Qwen/Qwen2.5-7B",
  "attention_type": "sparse",
  "seq_len": 2048,
  "num_tokens": 32,
  "top_k": 8,
  "block_size": 16,
  "index_dim": 32,
  "num_params": 7615616512,
  "memory_gb": 15.913951873779297,
  "memory_peak_gb": 15.913951873779297,
  "avg_speed_tokens_per_sec": 27.16747609564387,
  "avg_time_sec": 1.177879015604655,
  "times": [
    1.1780822277069092,
    1.1750671863555908,
    1.1804876327514648
  ],
  "load_time_sec": 2.4669384956359863
}