{
  "model": "Qwen/Qwen2.5-14B",
  "attention_type": "sparse",
  "seq_len": 65536,
  "num_tokens": 32,
  "top_k": 4,
  "block_size": 16,
  "index_dim": 32,
  "num_params": 14770033664,
  "memory_gb": 33.839457511901855,
  "memory_peak_gb": 33.839457511901855,
  "avg_speed_tokens_per_sec": 19.07138253333783,
  "avg_time_sec": 1.6779066721598308,
  "times": [
    1.6739320755004883,
    1.6836726665496826,
    1.6761152744293213
  ],
  "load_time_sec": 4.088020086288452
}