{
  "model": "Qwen/Qwen2.5-14B",
  "attention_type": "dense",
  "seq_len": 65536,
  "num_tokens": 32,
  "top_k": 4,
  "block_size": 16,
  "index_dim": 32,
  "num_params": 14770033664,
  "memory_gb": 27.511332511901855,
  "memory_peak_gb": 27.511332511901855,
  "avg_speed_tokens_per_sec": 8.99442044313181,
  "avg_time_sec": 3.5577611923217773,
  "times": [
    3.6268651485443115,
    3.5218329429626465,
    3.524585485458374
  ],
  "load_time_sec": 3.8831396102905273
}