{
  "model": "Qwen/Qwen2.5-7B",
  "attention_type": "dense",
  "seq_len": 2048,
  "num_tokens": 64,
  "window_size": 128,
  "global_size": 64,
  "chunk_size": 64,
  "num_params": 8437700096,
  "memory_gb": 0,
  "memory_peak_gb": 0,
  "avg_speed_tokens_per_sec": 0.39285674785005786,
  "avg_time_sec": 162.90925470987955,
  "times": [
    164.94074940681458,
    161.63212299346924,
    162.15489172935486
  ],
  "load_time_sec": 8.731891393661499
}