{
  "model": "Qwen/Qwen2.5-7B",
  "attention_type": "hybrid",
  "seq_len": 4096,
  "num_tokens": 64,
  "window_size": 128,
  "global_size": 64,
  "chunk_size": 64,
  "num_params": 8437700096,
  "memory_gb": 0,
  "memory_peak_gb": 0,
  "avg_speed_tokens_per_sec": 0.5805868854730439,
  "avg_time_sec": 110.23328566551208,
  "times": [
    109.17151308059692,
    110.32843017578125,
    111.19991374015808
  ],
  "load_time_sec": 3.9778425693511963
}