{
  "model": "Qwen/Qwen2.5-7B",
  "attention_type": "hybrid",
  "seq_len": 2048,
  "num_tokens": 64,
  "window_size": 128,
  "global_size": 64,
  "chunk_size": 64,
  "num_params": 8437700096,
  "memory_gb": 0,
  "memory_peak_gb": 0,
  "avg_speed_tokens_per_sec": 0.628656048836095,
  "avg_time_sec": 101.80447657903035,
  "times": [
    104.5325448513031,
    100.87531232833862,
    100.00557255744934
  ],
  "load_time_sec": 7.848524570465088
}