{
  "model": "Qwen/Qwen2.5-7B",
  "attention_type": "sparse",
  "seq_len": 8192,
  "num_tokens": 64,
  "top_k": 8,
  "block_size": 16,
  "index_dim": 32,
  "num_params": 7615616512,
  "memory_gb": 0,
  "memory_peak_gb": 0,
  "avg_speed_tokens_per_sec": 2.2358841763071995,
  "avg_time_sec": 28.624022960662842,
  "times": [
    28.579153060913086,
    28.715439081192017,
    28.577476739883423
  ],
  "load_time_sec": 18.62213921546936
}