{
  "model": "Qwen/Qwen2.5-7B",
  "attention_type": "sparse",
  "seq_len": 8192,
  "num_tokens": 64,
  "top_k": 16,
  "block_size": 16,
  "index_dim": 32,
  "num_params": 7615616512,
  "memory_gb": 0,
  "memory_peak_gb": 0,
  "avg_speed_tokens_per_sec": 2.1952574314798663,
  "avg_time_sec": 29.153756221135456,
  "times": [
    29.3219895362854,
    29.03188419342041,
    29.10739493370056
  ],
  "load_time_sec": 15.994689702987671
}