{
  "model": "Qwen/Qwen2.5-7B",
  "attention_type": "sparse",
  "seq_len": 4096,
  "num_tokens": 64,
  "top_k": 4,
  "block_size": 16,
  "index_dim": 32,
  "num_params": 7615616512,
  "memory_gb": 0,
  "memory_peak_gb": 0,
  "avg_speed_tokens_per_sec": 2.5759009802961,
  "avg_time_sec": 24.845675547917683,
  "times": [
    24.939817667007446,
    24.845322132110596,
    24.75188684463501
  ],
  "load_time_sec": 18.61764931678772
}