{
  "model": "Qwen/Qwen2.5-7B",
  "attention_type": "sparse",
  "seq_len": 2048,
  "num_tokens": 64,
  "top_k": 8,
  "block_size": 16,
  "index_dim": 32,
  "num_params": 7615616512,
  "memory_gb": 0,
  "memory_peak_gb": 0,
  "avg_speed_tokens_per_sec": 2.6786078390273795,
  "avg_time_sec": 23.893008550008137,
  "times": [
    24.09892201423645,
    23.778975248336792,
    23.801128387451172
  ],
  "load_time_sec": 18.010378122329712
}