{
  "model": "Qwen/Qwen2.5-7B",
  "attention_type": "sparse",
  "seq_len": 8192,
  "num_tokens": 64,
  "top_k": 4,
  "block_size": 16,
  "index_dim": 32,
  "num_params": 7615616512,
  "memory_gb": 0,
  "memory_peak_gb": 0,
  "avg_speed_tokens_per_sec": 2.289704457874036,
  "avg_time_sec": 27.951205571492512,
  "times": [
    27.930419921875,
    27.737566709518433,
    28.185630083084106
  ],
  "load_time_sec": 27.999407291412354
}