{
  "model": "Qwen/Qwen2.5-7B",
  "attention_type": "sparse",
  "seq_len": 2048,
  "num_tokens": 64,
  "top_k": 4,
  "block_size": 16,
  "index_dim": 32,
  "num_params": 7615616512,
  "memory_gb": 0,
  "memory_peak_gb": 0,
  "avg_speed_tokens_per_sec": 2.8168742395890107,
  "avg_time_sec": 22.720219135284424,
  "times": [
    22.62707543373108,
    22.740943908691406,
    22.792638063430786
  ],
  "load_time_sec": 24.12476634979248
}