{
  "model": "Qwen/Qwen2.5-14B",
  "attention_type": "sparse",
  "seq_len": 32768,
  "num_tokens": 32,
  "top_k": 4,
  "block_size": 16,
  "index_dim": 32,
  "num_params": 14770033664,
  "memory_gb": 33.839457511901855,
  "memory_peak_gb": 33.839457511901855,
  "avg_speed_tokens_per_sec": 25.54588449316484,
  "avg_time_sec": 1.2526479562123616,
  "times": [
    1.2527337074279785,
    1.2532198429107666,
    1.2519903182983398
  ],
  "load_time_sec": 3.981191396713257
}