{
  "model": "Qwen/Qwen2.5-14B",
  "attention_type": "dense",
  "seq_len": 32768,
  "num_tokens": 32,
  "top_k": 4,
  "block_size": 16,
  "index_dim": 32,
  "num_params": 14770033664,
  "memory_gb": 27.511332511901855,
  "memory_peak_gb": 27.511332511901855,
  "avg_speed_tokens_per_sec": 33.34046953674792,
  "avg_time_sec": 0.9597945213317871,
  "times": [
    0.9617149829864502,
    0.9578700065612793,
    0.9597985744476318
  ],
  "load_time_sec": 7.629825592041016
}