{
  "model": "MiniMaxAI/MiniMax-M2.7",
  "attention_type": "sparse",
  "seq_len": 8192,
  "input_tokens": 2732,
  "num_tokens": 32,
  "memory_peak_gb": 85.35430955886841,
  "avg_speed_tokens_per_sec": 2.3762126009430915,
  "times": [
    13.559680700302124,
    13.68565559387207,
    13.155089139938354
  ]
}