{
  "model": "MiniMaxAI/MiniMax-M2.7",
  "attention_type": "sparse",
  "seq_len": 8192,
  "input_tokens": 2732,
  "num_tokens": 32,
  "memory_peak_gb": 85.33123826980591,
  "avg_speed_tokens_per_sec": 2.6825352467121113,
  "times": [
    11.699267864227295,
    12.407456159591675,
    11.680317401885986
  ]
}