{
  "model": "01-ai/Yi-34B-200K",
  "attention_type": "sparse",
  "seq_len": 65536,
  "num_tokens": 32,
  "top_k": 2,
  "block_size": 8,
  "index_dim": 32,
  "num_params": 34388917248,
  "memory_gb": 78.81997585296631,
  "memory_peak_gb": 78.81997585296631,
  "avg_speed_tokens_per_sec": 4.861922070374911,
  "avg_time_sec": 6.581759134928386,
  "times": [
    6.592767000198364,
    6.578106641769409,
    6.574403762817383
  ],
  "load_time_sec": 11.730291604995728
}