{
  "model": "Qwen/Qwen2.5-7B",
  "attention_type": "hybrid",
  "seq_len": 2048,
  "num_tokens": 64,
  "window_size": 128,
  "global_size": 64,
  "chunk_size": 64,
  "num_params": 8437700096,
  "memory_gb": 0,
  "memory_peak_gb": 0,
  "avg_speed_tokens_per_sec": 0.6354736982226755,
  "avg_time_sec": 100.71227208773296,
  "times": [
    102.0582492351532,
    99.73593044281006,
    100.3426365852356
  ],
  "load_time_sec": 4.20898699760437
}