{
  "model": "Qwen/Qwen2.5-7B",
  "attention_type": "sparse",
  "seq_len": 2048,
  "num_tokens": 64,
  "top_k": 4,
  "block_size": 16,
  "index_dim": 32,
  "num_params": 7615616512,
  "memory_gb": 0,
  "memory_peak_gb": 0,
  "avg_speed_tokens_per_sec": 2.069570877422162,
  "avg_time_sec": 30.924285173416138,
  "times": [
    31.180724382400513,
    30.771734476089478,
    30.820396661758423
  ],
  "load_time_sec": 21.86146378517151
}