{
  "model": "Qwen/Qwen2.5-7B",
  "attention_type": "sparse",
  "seq_len": 4096,
  "num_tokens": 64,
  "top_k": 4,
  "block_size": 16,
  "index_dim": 32,
  "num_params": 7615616512,
  "memory_gb": 0,
  "memory_peak_gb": 0,
  "avg_speed_tokens_per_sec": 2.384489378414104,
  "avg_time_sec": 26.84012794494629,
  "times": [
    26.59508228302002,
    27.049129247665405,
    26.876172304153442
  ],
  "load_time_sec": 18.8771071434021
}