{
  "model": "Qwen/Qwen2.5-7B",
  "attention_type": "sparse",
  "seq_len": 4096,
  "num_tokens": 32,
  "top_k": 8,
  "block_size": 16,
  "index_dim": 32,
  "num_params": 7615616512,
  "memory_gb": 15.913951873779297,
  "memory_peak_gb": 15.913951873779297,
  "avg_speed_tokens_per_sec": 26.279048855410117,
  "avg_time_sec": 1.2177000840504963,
  "times": [
    1.2272765636444092,
    1.2113351821899414,
    1.2144885063171387
  ],
  "load_time_sec": 2.3001153469085693
}