{
  "model": "Qwen/Qwen2.5-7B",
  "attention_type": "dense",
  "seq_len": 4096,
  "num_tokens": 64,
  "top_k": 4,
  "block_size": 16,
  "index_dim": 32,
  "num_params": 7615616512,
  "memory_gb": 0,
  "memory_peak_gb": 0,
  "avg_speed_tokens_per_sec": 9.01005989343241,
  "avg_time_sec": 7.103171428044637,
  "times": [
    7.099464416503906,
    7.121245622634888,
    7.088804244995117
  ],
  "load_time_sec": 27.58223533630371
}