{
  "model": "Qwen/Qwen2.5-7B",
  "attention_type": "dense",
  "seq_len": 8192,
  "num_tokens": 64,
  "top_k": 4,
  "block_size": 16,
  "index_dim": 32,
  "num_params": 7615616512,
  "memory_gb": 0,
  "memory_peak_gb": 0,
  "avg_speed_tokens_per_sec": 2.0424839645922974,
  "avg_time_sec": 31.334395329157513,
  "times": [
    31.3884596824646,
    31.405739068984985,
    31.20898723602295
  ],
  "load_time_sec": 30.405810117721558
}