{
  "model": "Qwen/Qwen2.5-7B",
  "attention_type": "sparse",
  "seq_len": 8192,
  "num_tokens": 64,
  "top_k": 4,
  "block_size": 16,
  "index_dim": 32,
  "num_params": 7615616512,
  "memory_gb": 0,
  "memory_peak_gb": 0,
  "avg_speed_tokens_per_sec": 2.099888652544128,
  "avg_time_sec": 30.477806488672893,
  "times": [
    30.37974739074707,
    30.65506362915039,
    30.398608446121216
  ],
  "load_time_sec": 17.833114624023438
}