{
  "model": "Qwen/Qwen2.5-7B",
  "attention_type": "dense",
  "seq_len": 8192,
  "num_tokens": 32,
  "top_k": 4,
  "block_size": 16,
  "index_dim": 32,
  "num_params": 7615616512,
  "memory_gb": 14.186168670654297,
  "memory_peak_gb": 14.186168670654297,
  "avg_speed_tokens_per_sec": 38.904685385664465,
  "avg_time_sec": 0.82252303759257,
  "times": [
    0.8242039680480957,
    0.8199365139007568,
    0.8234286308288574
  ],
  "load_time_sec": 2.5506272315979004
}