{
  "model": "Qwen/Qwen2.5-7B",
  "attention_type": "dense",
  "seq_len": 4096,
  "num_tokens": 32,
  "top_k": 4,
  "block_size": 16,
  "index_dim": 32,
  "num_params": 7615616512,
  "memory_gb": 14.186168670654297,
  "memory_peak_gb": 14.186168670654297,
  "avg_speed_tokens_per_sec": 611.349595372212,
  "avg_time_sec": 0.05234320958455404,
  "times": [
    0.05120491981506348,
    0.05244708061218262,
    0.053377628326416016
  ],
  "load_time_sec": 3.0304079055786133
}