{
  "model": "Qwen/Qwen2.5-7B",
  "attention_type": "dense",
  "seq_len": 2048,
  "num_tokens": 32,
  "top_k": 4,
  "block_size": 16,
  "index_dim": 32,
  "num_params": 7615616512,
  "memory_gb": 0,
  "memory_peak_gb": 0,
  "avg_speed_tokens_per_sec": 3.7572433344636855,
  "avg_time_sec": 8.516882499059042,
  "times": [
    8.32991337776184,
    8.985203504562378,
    8.235530614852905
  ],
  "load_time_sec": 14.247193574905396
}