{
  "model": "Qwen/Qwen2.5-7B",
  "attention_type": "sparse",
  "seq_len": 8192,
  "num_tokens": 32,
  "top_k": 4,
  "block_size": 16,
  "index_dim": 32,
  "num_params": 7615616512,
  "memory_gb": 0,
  "memory_peak_gb": 0,
  "avg_speed_tokens_per_sec": 1.4797632554804674,
  "avg_time_sec": 21.625080823898315,
  "times": [
    21.6798152923584,
    21.672630310058594,
    21.522796869277954
  ],
  "load_time_sec": 18.13999056816101
}