{
  "model": "Qwen/Qwen2.5-7B",
  "attention_type": "sparse",
  "seq_len": 2048,
  "num_tokens": 32,
  "top_k": 4,
  "block_size": 16,
  "index_dim": 32,
  "num_params": 7615616512,
  "memory_gb": 0,
  "memory_peak_gb": 0,
  "avg_speed_tokens_per_sec": 2.231739688881597,
  "avg_time_sec": 14.338589827219645,
  "times": [
    14.423581838607788,
    14.3789381980896,
    14.213249444961548
  ],
  "load_time_sec": 15.71811056137085
}