{
  "model": "01-ai/Yi-34B-200K",
  "attention_type": "sparse",
  "seq_len": 32768,
  "input_tokens": 10924,
  "num_tokens": 32,
  "memory_peak_gb": 81.15986776351929,
  "avg_speed_tokens_per_sec": 7.441721221299791,
  "times": [
    4.27265739440918,
    4.323054075241089,
    4.304529905319214
  ]
}