{
  "model": "Qwen/Qwen2.5-7B",
  "attention_type": "dense",
  "seq_len": 16384,
  "num_tokens": 32,
  "top_k": 4,
  "block_size": 16,
  "index_dim": 32,
  "num_params": 7615616512,
  "memory_gb": 14.186168670654297,
  "memory_peak_gb": 14.186168670654297,
  "avg_speed_tokens_per_sec": 152.60991939576576,
  "avg_time_sec": 0.2096849282582601,
  "times": [
    0.20693302154541016,
    0.2093343734741211,
    0.21278738975524902
  ],
  "load_time_sec": 2.64353084564209
}