{
  "model": "Qwen/Qwen2.5-7B",
  "attention_type": "dense",
  "seq_len": 2048,
  "num_tokens": 32,
  "top_k": 4,
  "block_size": 16,
  "index_dim": 32,
  "num_params": 7615616512,
  "memory_gb": 14.186168670654297,
  "memory_peak_gb": 14.186168670654297,
  "avg_speed_tokens_per_sec": 82.26410604252816,
  "avg_time_sec": 0.3889910380045573,
  "times": [
    0.39182281494140625,
    0.38490891456604004,
    0.3902413845062256
  ],
  "load_time_sec": 4.314618110656738
}