{
  "model": "Qwen/Qwen2.5-14B",
  "attention_type": "dense",
  "seq_len": 8192,
  "num_tokens": 32,
  "top_k": 4,
  "block_size": 16,
  "index_dim": 32,
  "num_params": 14770033664,
  "memory_gb": 27.511332511901855,
  "memory_peak_gb": 27.511332511901855,
  "avg_speed_tokens_per_sec": 37.67659003964783,
  "avg_time_sec": 0.8493337631225586,
  "times": [
    0.9092111587524414,
    0.8297362327575684,
    0.809053897857666
  ],
  "load_time_sec": 3.300689220428467
}