{
  "model": "Qwen/Qwen2.5-14B",
  "attention_type": "sparse",
  "seq_len": 4096,
  "num_tokens": 32,
  "top_k": 8,
  "block_size": 16,
  "index_dim": 32,
  "num_params": 14770033664,
  "memory_gb": 33.839457511901855,
  "memory_peak_gb": 33.839457511901855,
  "avg_speed_tokens_per_sec": 265.2786401818361,
  "avg_time_sec": 0.12062788009643555,
  "times": [
    0.12091898918151855,
    0.12036800384521484,
    0.12059664726257324
  ],
  "load_time_sec": 2.957387685775757
}