{
  "model": "Qwen/Qwen2.5-14B",
  "attention_type": "sparse",
  "seq_len": 8192,
  "num_tokens": 32,
  "top_k": 8,
  "block_size": 16,
  "index_dim": 32,
  "num_params": 14770033664,
  "memory_gb": 33.839457511901855,
  "memory_peak_gb": 33.839457511901855,
  "avg_speed_tokens_per_sec": 110.01293806401164,
  "avg_time_sec": 0.2908748785654704,
  "times": [
    0.29226183891296387,
    0.29143857955932617,
    0.2889242172241211
  ],
  "load_time_sec": 2.936983585357666
}